"pattern size","bruteForce","sunday","rabinKarp","fsm", "kmp"
5, 7.784299999475479, 7.311500012874603, 13.112299978733063, 6.579799979925156, 14.599999994039536
